first_name,last_name,birth_date,email,gender,street_address,eye_color
Madella,Huggens,8/3/1993,mhuggens0@unblog.fr,Genderqueer,,
Eolanda,Dregan,4/10/2005,edregan1@slideshare.net,,87 Pleasure Park,Maroon
Morgana,Hepher,8/21/1936,mhepher2@diigo.com,Genderfluid,,Maroon
Carie,Titcomb,3/15/1982,,Genderfluid,3471 Pepper Wood Circle,
Vanya,Clemett,3/14/1981,vclemett4@reverbnation.com,Polygender,69 Spenser Place,Teal
Drucy,Dimitriades,3/25/2018,,Non-binary,0869 Sachs Junction,Violet
Thatcher,Wallett,9/16/1956,twallett6@t.co,Female,,
Adolphus,Fowden,10/19/1928,afowden7@wikipedia.org,,29 Express Alley,Crimson
Virge,Snelson,,,,5806 Gerald Street,Goldenrod
Clotilda,Bratley,9/17/2020,cbratley9@go.com,Male,360 Ludington Lane,Goldenrod
Keen,Harvey,3/30/1966,kharveya@umich.edu,Polygender,888 Karstens Parkway,
Estele,McPeeters,2/20/1933,emcpeetersb@washington.edu,Bigender,46 Rowland Plaza,Orange
Garvin,O'Rodane,9/9/1958,gorodanec@intel.com,Bigender,1751 Lindbergh Drive,
Kimmie,McGown,4/12/1943,kmcgownd@virginia.edu,Non-binary,,Blue
Jeremie,Gouldeby,1/27/2013,,,7546 Troy Parkway,Teal
Hamnet,Kettoe,3/5/1952,hkettoef@facebook.com,Female,72856 Lindbergh Point,Puce
Delila,Geockle,5/14/1922,dgeockleg@uiuc.edu,Genderqueer,67 Scoville Trail,
Ricca,Belhome,2/9/2013,rbelhomeh@cnbc.com,Male,,Crimson
Hyman,Squirrel,,,Non-binary,5891 Algoma Point,Goldenrod
Aida,Solly,9/11/1927,asollyj@washington.edu,Male,007 Lawn Lane,
Taylor,Wankel,10/5/1943,twankelk@tinyurl.com,Non-binary,4150 Lakeland Circle,Goldenrod
Clovis,Britee,4/2/2001,cbriteel@posterous.com,Genderqueer,,
Roxanna,Rosone,1/20/2006,rrosonem@sakura.ne.jp,Female,43 Lindbergh Drive,Puce
Dulcea,Sutherington,,dsutheringtonn@themeforest.net,Male,,
Wendi,Guilloud,9/30/1977,wguilloudo@ucla.edu,,60 Mcbride Way,
Lauralee,,3/4/1990,lprestp@aol.com,Male,6511 Farragut Center,Pink
Jonell,Nussen,,jnussenq@cocolog-nifty.com,Female,26011 Bunker Hill Terrace,
Rock,Piccop,,rpiccopr@fda.gov,Female,42 Sutherland Way,Mauv
Jemmy,Northedge,,jnorthedges@fema.gov,Polygender,7 Esker Plaza,Purple
Jerry,Mechan,6/30/1942,jmechant@infoseek.co.jp,,1 Oak Valley Avenue,Turquoise
Ammamaria,Attwater,10/1/1927,aattwateru@tiny.cc,Genderqueer,3617 Michigan Hill,Yellow
Lowe,Tripcony,7/22/2013,ltripconyv@posterous.com,Female,,Orange
Kris,Pindell,7/16/1945,kpindellw@cargocollective.com,,,
Lulita,Laffin,2/14/1927,llaffinx@topsy.com,Non-binary,,Green
Arnuad,,7/2/1943,abruffy@yellowbook.com,Polygender,9398 Farwell Parkway,
Terrell,McCurtin,,tmccurtinz@github.io,Genderqueer,,
Johnna,Woan,7/30/1963,jwoan10@gov.uk,Genderqueer,8655 Dayton Court,Aquamarine
Barde,Wasmuth,10/1/2002,,,91 Vermont Parkway,
Lyn,Assiter,11/17/1936,,Female,919 Dixon Court,
Yolande,Higgoe,11/23/1933,yhiggoe13@microsoft.com,Male,70 Sheridan Point,Blue
Cobby,,11/12/1988,cigounet14@amazon.co.uk,Polygender,63 Shelley Circle,Pink
Ricca,Langeren,5/15/1993,rlangeren15@ow.ly,,216 Barnett Point,
Leslie,,11/8/2015,,,2889 Independence Avenue,
Mattie,Bellfield,6/7/2009,mbellfield17@sourceforge.net,Genderqueer,3 Bluestem Point,
Hurleigh,Fratson,,hfratson18@barnesandnoble.com,Bigender,87492 Oak Center,Turquoise
Jannel,Strettle,11/13/1978,,,5 Golden Leaf Lane,Red
Ardella,Douglas,7/23/1926,adouglas1a@studiopress.com,,1126 Prairieview Street,Puce
Ilysa,Croughan,,icroughan1b@odnoklassniki.ru,Male,,
Kellina,Bradburne,,kbradburne1c@oaic.gov.au,Genderfluid,,Yellow
Buffy,Giorgietto,9/26/2000,bgiorgietto1d@multiply.com,Agender,,Purple
Gabriele,Caulder,4/30/1934,gcaulder1e@diigo.com,Male,,
Carling,Pinks,5/5/1948,cpinks1f@stanford.edu,,,
Ilario,Whines,2/11/2014,iwhines1g@prlog.org,,16925 David Lane,Indigo
Gael,Abethell,3/5/1924,,,,
Nissa,Cardenosa,,ncardenosa1i@usgs.gov,,51512 8th Trail,
Bogey,Triggle,6/4/1962,btriggle1j@arizona.edu,,88 Graceland Court,Red
Agna,Korbmaker,1/25/1953,,Male,,
Shell,Files,8/15/1972,sfiles1l@privacy.gov.au,,8 Drewry Place,
Waldo,McClements,4/28/1925,wmcclements1m@mayoclinic.com,Polygender,773 Montana Street,Red
Pryce,MacCrossan,4/21/1989,,,8648 Judy Alley,
Catlee,,5/30/1987,cdumpleton1o@lycos.com,Genderfluid,,Green
Milicent,Twitchett,,mtwitchett1p@about.me,Non-binary,,
Beverley,Jorger,,bjorger1q@google.co.jp,Non-binary,,Blue
Cristy,Soppett,6/21/1995,csoppett1r@wsj.com,,2 Gina Crossing,
Bendite,Grimstead,12/10/1990,bgrimstead1s@ustream.tv,Polygender,,
Demetris,Shillam,9/1/1949,dshillam1t@geocities.jp,Agender,4 Bluejay Road,Yellow
Mariska,Laffranconi,,,Female,,Violet
Tadeas,Stother,6/30/1943,tstother1v@netvibes.com,,96762 Roth Avenue,Maroon
Dorelia,Pumfrett,,dpumfrett1w@squarespace.com,,38 Ronald Regan Street,
Ag,Laudham,5/26/1951,alaudham1x@biblegateway.com,Polygender,5 Katie Plaza,Yellow
Tanner,Lytlle,10/16/1983,tlytlle1y@de.vu,Agender,,Blue
Ronica,Crookall,12/19/1968,rcrookall1z@cnet.com,Male,33 Del Mar Crossing,Khaki
Vaughn,Sire,1/18/1976,vsire20@facebook.com,Genderfluid,86643 Graedel Hill,
Analise,Langford,10/27/1931,alangford21@youku.com,Genderqueer,27 Sherman Street,
Diego,Tuffield,1/8/1925,dtuffield22@examiner.com,,093 International Court,Puce
Nolly,Muddimer,8/10/2002,nmuddimer23@lycos.com,,,Pink
Shari,Doubrava,4/2/2004,sdoubrava24@cafepress.com,Female,6089 Elmside Drive,Pink
Verna,Keeves,9/29/2013,vkeeves25@webmd.com,Genderfluid,20949 Arkansas Hill,
Phillipe,Cheyenne,11/15/1982,,Bigender,90 Oak Circle,Purple
Allx,Donoghue,,adonoghue27@dion.ne.jp,Female,,Crimson
Kelley,Lowrey,9/4/1940,klowrey28@toplist.cz,Genderqueer,05 Blaine Hill,Teal
Ginni,MacDougal,5/2/1965,gmacdougal29@toplist.cz,,82 Anhalt Crossing,
Rosanna,Berdale,12/25/1960,rberdale2a@tumblr.com,Male,56638 Victoria Street,
Alfonse,Stockey,10/2/2010,,Male,703 Westend Junction,Yellow
Aubry,Lynde,4/18/1937,alynde2c@sakura.ne.jp,Genderqueer,,Violet
Brianna,Lofts,6/30/1942,blofts2d@joomla.org,Male,0 Clarendon Crossing,Pink
Sigismund,Wormstone,10/7/1941,swormstone2e@rakuten.co.jp,,,
Dillie,Asprey,11/26/1977,dasprey2f@microsoft.com,,956 Iowa Street,
Ingelbert,Baudin,7/14/1924,ibaudin2g@webeden.co.uk,Female,741 Karstens Avenue,Purple
Timmy,Walpole,5/20/1975,twalpole2h@omniture.com,Genderqueer,514 Cascade Parkway,
Nichol,,1/11/1994,ndonson2i@comcast.net,Genderfluid,,Fuscia
Tann,Coburn,4/9/1970,tcoburn2j@yahoo.co.jp,,89 Granby Street,
Kimbell,Gates,,,Polygender,87748 Oakridge Court,
Kira,Bofield,,kbofield2l@adobe.com,,234 Waxwing Court,Blue
Arnie,Howcroft,2/21/1958,,Bigender,,Green
Friederike,Tinghill,9/2/1992,ftinghill2n@discovery.com,Bigender,,
Leonie,Chesshire,1/21/1948,lchesshire2o@fema.gov,Genderqueer,,Crimson
Jessalin,Weekland,,jweekland2p@stanford.edu,Genderqueer,,
Gram,Blew,6/10/1959,,Female,5 Reinke Way,Green
Jory,Deacon,,,Polygender,,Red
Martica,Checklin,3/11/1979,,Genderqueer,,Orange
Libbey,Jirak,12/25/1957,ljirak2t@feedburner.com,,,
Leela,Norquoy,10/5/1942,,Genderfluid,71 Anniversary Plaza,
Chucho,Kindleysides,5/17/1941,ckindleysides2v@xinhuanet.com,,96 Lunder Park,
Wilow,Warcup,5/5/1962,wwarcup2w@mediafire.com,,,Yellow
Elvyn,Adao,,,Male,25 Hanover Road,Purple
Sharlene,Feldmann,3/16/1962,,Genderfluid,,
Byram,Peres,4/18/1984,bperes2z@apple.com,Male,,Fuscia
Alison,Spoole,12/31/1922,aspoole30@eventbrite.com,Agender,7 Surrey Lane,
Armando,Bunn,4/2/2013,,Non-binary,4 Atwood Road,
Marlin,Wabb,8/4/1931,mwabb32@comcast.net,Female,19131 Clarendon Park,Pink
Briny,Lago,4/29/1983,blago33@mapy.cz,Female,6260 6th Place,Yellow
Michael,,3/28/1947,mbewfield34@wikia.com,Agender,6 Farragut Hill,
Frederico,Struys,7/16/1950,,,,Khaki
Christopher,Root,8/18/2007,croot36@examiner.com,,764 Menomonie Avenue,Purple
Jilli,Stoeckle,,jstoeckle37@cargocollective.com,Bigender,,
Lorrin,,10/5/1921,lmacmanus38@umn.edu,,98924 Manitowish Trail,
Merci,,11/29/2004,mfuentes39@blogtalkradio.com,,987 Carberry Junction,Aquamarine
Stearne,MacIntosh,5/11/2012,,Genderqueer,5 Tony Center,
Edyth,Jeannenet,12/10/1956,ejeannenet3b@simplemachines.org,,84220 Longview Trail,Fuscia
Goddart,Groll,11/20/2015,ggroll3c@intel.com,Genderfluid,,
Rosalinda,Franceschielli,6/29/1999,,Male,,Red
Joseph,Confait,,jconfait3e@nbcnews.com,Agender,,Crimson
Kent,Abramov,1/8/1997,kabramov3f@cam.ac.uk,Agender,9886 Reinke Drive,Indigo
Amaleta,,2/3/1988,arives3g@huffingtonpost.com,Male,,
Ernst,Sindle,3/26/1933,esindle3h@newsvine.com,Polygender,77 Leroy Court,Khaki
Cheston,Killimister,9/24/1963,ckillimister3i@mtv.com,Bigender,80 Karstens Trail,Pink
Iain,Cleave,,,Bigender,,
Otho,Habard,12/24/1974,ohabard3k@ft.com,Male,69 Brown Lane,
Aguistin,McGilben,1/9/1982,amcgilben3l@slate.com,,719 Eagle Crest Crossing,
Guinna,Corr,3/4/2019,gcorr3m@fema.gov,,80 Chive Drive,
Dode,Woolbrook,12/2/2018,,Bigender,76 Portage Court,Goldenrod
Emmalee,,8/22/1942,espavins3o@seattletimes.com,Female,7574 Johnson Crossing,
De witt,Sibray,2/14/2006,dsibray3p@house.gov,Male,1 Sullivan Avenue,
Richart,Cullinan,5/25/1981,rcullinan3q@webs.com,Non-binary,782 Lerdahl Junction,
Diane-marie,,8/9/2020,dmasterson3r@github.com,Agender,,
Pepito,Vitet,11/13/1980,pvitet3s@jimdo.com,Non-binary,7497 Roxbury Plaza,Khaki
Zora,Trussell,2/28/1946,ztrussell3t@dropbox.com,,,
Allsun,Sainsberry,5/7/2012,asainsberry3u@cnn.com,Male,,
Brinna,Godilington,5/18/1987,bgodilington3v@over-blog.com,,093 Aberg Circle,
Randal,Farrah,10/21/2000,rfarrah3w@example.com,Agender,,
Hyacinthia,Rangall,8/15/1951,hrangall3x@foxnews.com,Genderqueer,93553 Lighthouse Bay Circle,Crimson
Lion,,,lgauson3y@abc.net.au,Agender,516 Onsgard Point,Crimson
Thatch,Sadlier,,,Non-binary,,
Odilia,Digger,7/10/2000,odigger40@typepad.com,Genderqueer,1134 Coleman Center,Violet
Melessa,Teal,8/1/1973,mteal41@liveinternet.ru,Agender,,Aquamarine
Wallis,Ohms,,wohms42@ucla.edu,,,Violet
Jayne,Duddin,2/22/1954,jduddin43@privacy.gov.au,Bigender,9 Springview Court,Orange
Ashlen,Hannigane,10/31/2019,ahannigane44@paginegialle.it,Female,,Purple
Allene,,1/13/2011,awilkins45@seattletimes.com,Female,,Maroon
Waverley,Littrik,6/15/1933,wlittrik46@examiner.com,Polygender,561 Old Gate Point,Pink
Tull,Merritt,10/12/1946,tmerritt47@webmd.com,Bigender,88088 Troy Circle,
Brigg,McEttigen,4/15/1946,bmcettigen48@pbs.org,,74 Brentwood Parkway,Purple
Thomasa,Macek,6/11/1923,tmacek49@ca.gov,,7 Golden Leaf Place,Purple
Zack,Sear,10/25/1995,zsear4a@amazon.de,Male,,Fuscia
Raeann,Carette,10/1/1997,rcarette4b@fda.gov,Non-binary,205 Delaware Alley,Green
Shaina,Fillary,2/4/2013,sfillary4c@pinterest.com,,,
Stewart,,4/1/2012,smolan4d@linkedin.com,,108 Weeping Birch Drive,Crimson
Alie,Tallman,12/13/1993,atallman4e@wunderground.com,,0 Arizona Hill,Khaki
Moria,Barnaby,12/28/1931,mbarnaby4f@buzzfeed.com,Non-binary,54 Jana Crossing,
Merrily,De Paepe,12/19/2002,mdepaepe4g@wufoo.com,Genderqueer,5837 Lakewood Parkway,Teal
Farica,Chismon,2/14/1940,fchismon4h@vkontakte.ru,,,
Vicki,Geram,7/9/2016,vgeram4i@miibeian.gov.cn,,6801 Vahlen Park,
Jenica,Peebles,,jpeebles4j@bizjournals.com,Agender,85 Ludington Center,
Shandie,,,svella4k@oracle.com,Genderqueer,7 Golf Course Place,Orange
Annecorinne,Fillery,4/12/2000,,Female,0706 Morningstar Court,Crimson
Darla,,8/30/1987,,Polygender,6056 Bayside Alley,Teal
Elnora,Diable,6/29/1962,ediable4n@reference.com,,266 Goodland Junction,Mauv
Odell,Serginson,11/6/2018,oserginson4o@bandcamp.com,Bigender,5 Acker Parkway,
Ives,,10/29/2016,ichaundy4p@trellian.com,Non-binary,,Yellow
Donelle,Troker,6/18/1987,dtroker4q@tripod.com,Genderqueer,,
Cristal,McCree,10/14/1943,cmccree4r@delicious.com,Genderfluid,05 New Castle Plaza,
Rosabelle,Allanby,1/3/1944,rallanby4s@ftc.gov,Male,519 Amoth Way,Mauv
Callie,Collymore,,ccollymore4t@rakuten.co.jp,Bigender,,
Walker,Hedau,7/1/1987,,Genderfluid,2798 Butternut Alley,Pink
Lissa,Moston,8/20/1921,lmoston4v@dot.gov,Genderfluid,79166 Bluejay Center,Pink
Corrina,Pinckard,8/3/1946,cpinckard4w@rambler.ru,,0118 Mallory Place,Red
Crawford,Cayette,11/11/1960,,,,Orange
Shoshanna,Gaylord,2/10/1999,,Genderqueer,,Mauv
Sarita,Storch,2/3/2002,sstorch4z@homestead.com,Male,5 Kingsford Pass,
Daisie,Tafani,4/25/1921,dtafani50@google.co.uk,Polygender,,Turquoise
Ora,Acres,11/30/2004,,Female,,Puce
Sigmund,Goaley,7/29/1998,,Genderqueer,,Mauv
Kaila,Basford,7/16/2011,kbasford53@vkontakte.ru,Female,45932 Alpine Way,Khaki
Bobinette,Knapton,3/22/1932,bknapton54@netscape.com,Non-binary,,Blue
Norton,Shalliker,1/21/1938,,Non-binary,3 Blue Bill Park Junction,Khaki
Vito,Lidell,3/3/2019,vlidell56@flavors.me,Female,20 Bluejay Way,
Janey,O'Keenan,1/12/1985,jokeenan57@typepad.com,,7209 Briar Crest Lane,Maroon
Huntlee,Vonderdell,5/12/1969,hvonderdell58@wunderground.com,Genderfluid,20 Dayton Lane,Pink
Neil,,5/18/1939,,Female,,Mauv
Catarina,Stitfall,,cstitfall5a@is.gd,Female,20424 Cascade Trail,Puce
Binny,Shevels,11/18/1953,,Male,,Pink
Celinka,Linham,12/16/1924,clinham5c@marriott.com,Male,,
Anders,Doogue,9/27/1941,adoogue5d@weibo.com,Male,670 Sutteridge Plaza,Indigo
Amos,Metschke,12/17/2008,ametschke5e@fc2.com,Bigender,4 Springs Street,Crimson
Phillis,Struis,9/29/1955,pstruis5f@adobe.com,Agender,14 Stuart Point,
Cybil,Myrie,12/6/2018,cmyrie5g@mapy.cz,Female,5303 Wayridge Place,
Camilla,,7/13/1987,,Polygender,83434 Clove Drive,Crimson
Trista,Burndred,7/5/1971,tburndred5i@umn.edu,Female,,
Conchita,,6/11/1960,ccalles5j@icio.us,Female,9 Moulton Lane,
